{
  "initial_balance": 20000.0,
  "final_balance": 340922.0608852341,
  "net_pnl": 320922.0608852341,
  "return_pct": 1604.6103044261706,
  "total_trades": 830,
  "winners": 565,
  "losers": 265,
  "win_rate": 68.07228915662651,
  "total_r": 104.86466985586468,
  "gross_pnl": 121292.62347284611,
  "total_commissions": 2567.72,
  "max_tdd_pct": 1.2898698236113342,
  "max_ddd_pct": 3.8476310219705656,
  "safety_events": 2,
  "trades_in_entry_queue": 0,
  "pending_orders": 0
}